Character,Animation,hasGrab,hasAttack,leftEdge,rightEdge,bottomEdge,topEdge
Marth,DownTilt,False,False,0,0,0,0
Marth,DownTilt,False,False,0,0,0,0
Marth,DownTilt,False,False,0,0,0,0
Marth,DownTilt,False,False,0,0,0,0
Marth,DownTilt,False,False,0,0,0,0
Marth,DownTilt,False,False,0,0,0,0
Marth,DownTilt,False,True,173,319,82,179
Marth,DownTilt,False,True,173,319,82,179
Marth,DownTilt,False,True,168,319,82,176
Marth,DownTilt,False,False,0,0,0,0
Marth,DownTilt,False,False,0,0,0,0
Marth,DownTilt,False,False,0,0,0,0
Marth,DownTilt,False,False,0,0,0,0
Marth,DownTilt,False,False,0,0,0,0
Marth,DownTilt,False,False,0,0,0,0
Marth,DownTilt,False,False,0,0,0,0
Marth,DownTilt,False,False,0,0,0,0
Marth,DownTilt,False,False,0,0,0,0
Marth,DownTilt,False,False,0,0,0,0
Marth,DownTilt,False,False,0,0,0,0
Marth,DownTilt,False,False,0,0,0,0
Marth,DownTilt,False,False,0,0,0,0
Marth,DownTilt,False,False,0,0,0,0
Marth,DownTilt,False,False,0,0,0,0
Marth,DownTilt,False,False,0,0,0,0
Marth,DownTilt,False,False,0,0,0,0
Marth,DownTilt,False,False,0,0,0,0
Marth,DownTilt,False,False,0,0,0,0
Marth,DownTilt,False,False,0,0,0,0
Marth,DownTilt,False,False,0,0,0,0
Marth,DownTilt,False,False,0,0,0,0
Marth,DownTilt,False,False,0,0,0,0
Marth,DownTilt,False,False,0,0,0,0
Marth,DownTilt,False,False,0,0,0,0
Marth,DownTilt,False,False,0,0,0,0
Marth,DownTilt,False,False,0,0,0,0
Marth,DownTilt,False,False,0,0,0,0
Marth,DownTilt,False,False,0,0,0,0
Marth,DownTilt,False,False,0,0,0,0
Marth,DownTilt,False,False,0,0,0,0
Marth,DownTilt,False,False,0,0,0,0
Marth,DownTilt,False,False,0,0,0,0
Marth,DownTilt,False,False,0,0,0,0
Marth,DownTilt,False,False,0,0,0,0
Marth,DownTilt,False,False,0,0,0,0
Marth,DownTilt,False,False,0,0,0,0
Marth,DownTilt,False,False,0,0,0,0
Marth,DownTilt,False,False,0,0,0,0
Marth,DownTilt,False,False,0,0,0,0
Marth,SideB4Down,False,False,0,0,0,0
Marth,SideB4Down,False,False,0,0,0,0
Marth,SideB4Down,False,False,0,0,0,0
Marth,SideB4Down,False,False,0,0,0,0
Marth,SideB4Down,False,False,0,0,0,0
Marth,SideB4Down,False,False,0,0,0,0
Marth,SideB4Down,False,False,0,0,0,0
Marth,SideB4Down,False,False,0,0,0,0
Marth,SideB4Down,False,False,0,0,0,0
Marth,SideB4Down,False,False,0,0,0,0
Marth,SideB4Down,False,False,0,0,0,0
Marth,SideB4Down,False,False,0,0,0,0
Marth,SideB4Down,False,True,136,319,95,151
Marth,SideB4Down,False,True,132,320,80,160
Marth,SideB4Down,False,True,130,300,80,160
Marth,SideB4Down,False,False,0,0,0,0
Marth,SideB4Down,False,False,0,0,0,0
Marth,SideB4Down,False,False,0,0,0,0
Marth,SideB4Down,False,True,137,309,64,138
Marth,SideB4Down,False,True,138,310,61,149
Marth,SideB4Down,False,True,152,296,61,157
Marth,SideB4Down,False,False,0,0,0,0
Marth,SideB4Down,False,False,0,0,0,0
Marth,SideB4Down,False,False,0,0,0,0
Marth,SideB4Down,False,True,176,312,114,179
Marth,SideB4Down,False,True,169,313,112,180
Marth,SideB4Down,False,True,171,303,115,176
Marth,SideB4Down,False,False,0,0,0,0
Marth,SideB4Down,False,False,0,0,0,0
Marth,SideB4Down,False,False,0,0,0,0
Marth,SideB4Down,False,True,181,319,92,149
Marth,SideB4Down,False,True,167,320,89,156
Marth,SideB4Down,False,True,169,295,89,156
Marth,SideB4Down,False,False,0,0,0,0
Marth,SideB4Down,False,False,0,0,0,0
Marth,SideB4Down,False,False,0,0,0,0
Marth,SideB4Down,False,True,182,317,63,139
Marth,SideB4Down,False,True,181,317,64,143
Marth,SideB4Down,False,False,0,0,0,0
Marth,SideB4Down,False,False,0,0,0,0
Marth,SideB4Down,False,False,0,0,0,0
Marth,SideB4Down,False,False,0,0,0,0
Marth,SideB4Down,False,False,0,0,0,0
Marth,SideB4Down,False,False,0,0,0,0
Marth,SideB4Down,False,False,0,0,0,0
Marth,SideB4Down,False,False,0,0,0,0
Marth,SideB4Down,False,False,0,0,0,0
Marth,SideB4Down,False,False,0,0,0,0
Marth,SideB4Down,False,False,0,0,0,0
Marth,SideB4Down,False,False,0,0,0,0
Marth,SideB4Down,False,False,0,0,0,0
Marth,SideB4Down,False,False,0,0,0,0
Marth,SideB4Down,False,False,0,0,0,0
Marth,SideB4Down,False,False,0,0,0,0
Marth,SideB4Down,False,False,0,0,0,0
Marth,SideB4Down,False,False,0,0,0,0
Marth,SideB4Down,False,False,0,0,0,0
Marth,SideB4Down,False,False,0,0,0,0
Marth,SideB4Down,False,False,0,0,0,0
Marth,SideB4Down,False,False,0,0,0,0
Marth,SideB4Neutral,False,False,0,0,0,0
Marth,SideB4Neutral,False,False,0,0,0,0
Marth,SideB4Neutral,False,False,0,0,0,0
Marth,SideB4Neutral,False,False,0,0,0,0
Marth,SideB4Neutral,False,True,60,183,104,171
Marth,SideB4Neutral,False,True,57,177,104,177
Marth,SideB4Neutral,False,False,0,0,0,0
Marth,SideB4Neutral,False,False,0,0,0,0
Marth,SideB4Neutral,False,False,0,0,0,0
Marth,SideB4Neutral,False,False,0,0,0,0
Marth,SideB4Neutral,False,False,0,0,0,0
Marth,SideB4Neutral,False,False,0,0,0,0
Marth,SideB4Neutral,False,False,0,0,0,0
Marth,SideB4Neutral,False,False,0,0,0,0
Marth,SideB4Neutral,False,False,0,0,0,0
Marth,SideB4Neutral,False,False,0,0,0,0
Marth,SideB4Neutral,False,False,0,0,0,0
Marth,SideB4Neutral,False,False,0,0,0,0
Marth,SideB4Neutral,False,False,0,0,0,0
Marth,SideB4Neutral,False,False,0,0,0,0
Marth,SideB4Neutral,False,False,0,0,0,0
Marth,SideB4Neutral,False,False,0,0,0,0
Marth,SideB4Neutral,False,True,115,206,15,125
Marth,SideB4Neutral,False,True,109,292,10,138
Marth,SideB4Neutral,False,True,116,310,45,153
Marth,SideB4Neutral,False,True,128,306,95,185
Marth,SideB4Neutral,False,False,0,0,0,0
Marth,SideB4Neutral,False,False,0,0,0,0
Marth,SideB4Neutral,False,False,0,0,0,0
Marth,SideB4Neutral,False,False,0,0,0,0
Marth,SideB4Neutral,False,False,0,0,0,0
Marth,SideB4Neutral,False,False,0,0,0,0
Marth,SideB4Neutral,False,False,0,0,0,0
Marth,SideB4Neutral,False,False,0,0,0,0
Marth,SideB4Neutral,False,False,0,0,0,0
Marth,SideB4Neutral,False,False,0,0,0,0
Marth,SideB4Neutral,False,False,0,0,0,0
Marth,SideB4Neutral,False,False,0,0,0,0
Marth,SideB4Neutral,False,False,0,0,0,0
Marth,SideB4Neutral,False,False,0,0,0,0
Marth,SideB4Neutral,False,False,0,0,0,0
Marth,SideB4Neutral,False,False,0,0,0,0
Marth,SideB4Neutral,False,False,0,0,0,0
Marth,SideB4Neutral,False,False,0,0,0,0
Marth,SideB4Neutral,False,False,0,0,0,0
Marth,SideB4Neutral,False,False,0,0,0,0
Marth,SideB4Neutral,False,False,0,0,0,0
Marth,SideB4Neutral,False,False,0,0,0,0
Marth,SideB4Neutral,False,False,0,0,0,0
Marth,SideB4Neutral,False,False,0,0,0,0
Marth,BackAir,False,False,0,0,0,0
Marth,BackAir,False,False,0,0,0,0
Marth,BackAir,False,False,0,0,0,0
Marth,BackAir,False,False,0,0,0,0
Marth,BackAir,False,False,0,0,0,0
Marth,BackAir,False,False,0,0,0,0
Marth,BackAir,False,True,61,204,82,211
Marth,BackAir,False,True,21,205,66,195
Marth,BackAir,False,True,18,207,24,144
Marth,BackAir,False,True,83,207,8,141
Marth,BackAir,False,True,118,212,4,143
Marth,BackAir,False,False,0,0,0,0
Marth,BackAir,False,False,0,0,0,0
Marth,BackAir,False,False,0,0,0,0
Marth,BackAir,False,False,0,0,0,0
Marth,BackAir,False,False,0,0,0,0
Marth,BackAir,False,False,0,0,0,0
Marth,BackAir,False,False,0,0,0,0
Marth,BackAir,False,False,0,0,0,0
Marth,BackAir,False,False,0,0,0,0
Marth,BackAir,False,False,0,0,0,0
Marth,BackAir,False,False,0,0,0,0
Marth,BackAir,False,False,0,0,0,0
Marth,BackAir,False,False,0,0,0,0
Marth,BackAir,False,False,0,0,0,0
Marth,BackAir,False,False,0,0,0,0
Marth,BackAir,False,False,0,0,0,0
Marth,BackAir,False,False,0,0,0,0
Marth,BackAir,False,False,0,0,0,0
Marth,BackAir,False,False,0,0,0,0
Marth,BackAir,False,False,0,0,0,0
Marth,BackAir,False,False,0,0,0,0
Marth,BackAir,False,False,0,0,0,0
Marth,BackAir,False,False,0,0,0,0
Marth,BackAir,False,False,0,0,0,0
Marth,BackAir,False,False,0,0,0,0
Marth,BackAir,False,False,0,0,0,0
Marth,BackAir,False,False,0,0,0,0
Marth,BackAir,False,False,0,0,0,0
Marth,ForwardAir,False,False,0,0,0,0
Marth,ForwardAir,False,False,0,0,0,0
Marth,ForwardAir,False,False,0,0,0,0
Marth,ForwardAir,False,True,132,269,15,127
Marth,ForwardAir,False,True,127,312,0,150
Marth,ForwardAir,False,True,127,308,58,204
Marth,ForwardAir,False,True,127,279,61,224
Marth,ForwardAir,False,False,0,0,0,0
Marth,ForwardAir,False,False,0,0,0,0
Marth,ForwardAir,False,False,0,0,0,0
Marth,ForwardAir,False,False,0,0,0,0
Marth,ForwardAir,False,False,0,0,0,0
Marth,ForwardAir,False,False,0,0,0,0
Marth,ForwardAir,False,False,0,0,0,0
Marth,ForwardAir,False,False,0,0,0,0
Marth,ForwardAir,False,False,0,0,0,0
Marth,ForwardAir,False,False,0,0,0,0
Marth,ForwardAir,False,False,0,0,0,0
Marth,ForwardAir,False,False,0,0,0,0
Marth,ForwardAir,False,False,0,0,0,0
Marth,ForwardAir,False,False,0,0,0,0
Marth,ForwardAir,False,False,0,0,0,0
Marth,ForwardAir,False,False,0,0,0,0
Marth,ForwardAir,False,False,0,0,0,0
Marth,ForwardAir,False,False,0,0,0,0
Marth,ForwardAir,False,False,0,0,0,0
Marth,ForwardAir,False,False,0,0,0,0
Marth,ForwardAir,False,False,0,0,0,0
Marth,ForwardAir,False,False,0,0,0,0
Marth,ForwardAir,False,False,0,0,0,0
Marth,ForwardAir,False,False,0,0,0,0
Marth,ForwardAir,False,False,0,0,0,0
Marth,ForwardAir,False,False,0,0,0,0
Marth,SideB1,False,False,0,0,0,0
Marth,SideB1,False,False,0,0,0,0
Marth,SideB1,False,False,0,0,0,0
Marth,SideB1,False,False,0,0,0,0
Marth,SideB1,False,False,0,0,0,0
Marth,SideB1,False,True,119,227,8,187
Marth,SideB1,False,True,124,308,3,146
Marth,SideB1,False,True,127,301,70,207
Marth,SideB1,False,False,0,0,0,0
Marth,SideB1,False,False,0,0,0,0
Marth,SideB1,False,False,0,0,0,0
Marth,SideB1,False,False,0,0,0,0
Marth,SideB1,False,False,0,0,0,0
Marth,SideB1,False,False,0,0,0,0
Marth,SideB1,False,False,0,0,0,0
Marth,SideB1,False,False,0,0,0,0
Marth,SideB1,False,False,0,0,0,0
Marth,SideB1,False,False,0,0,0,0
Marth,SideB1,False,False,0,0,0,0
Marth,SideB1,False,False,0,0,0,0
Marth,SideB1,False,False,0,0,0,0
Marth,SideB1,False,False,0,0,0,0
Marth,SideB1,False,False,0,0,0,0
Marth,SideB1,False,False,0,0,0,0
Marth,SideB1,False,False,0,0,0,0
Marth,SideB1,False,False,0,0,0,0
Marth,SideB1,False,False,0,0,0,0
Marth,SideB1,False,False,0,0,0,0
Marth,SideB1,False,False,0,0,0,0
Marth,NeutralB,False,False,0,0,0,0
Marth,NeutralB,False,False,0,0,0,0
Marth,NeutralB,False,False,0,0,0,0
Marth,NeutralB,False,False,0,0,0,0
Marth,NeutralB,False,False,0,0,0,0
Marth,NeutralB,False,False,0,0,0,0
Marth,NeutralB,False,False,0,0,0,0
Marth,NeutralB,False,False,0,0,0,0
Marth,NeutralB,False,False,0,0,0,0
Marth,NeutralB,False,False,0,0,0,0
Marth,NeutralB,False,False,0,0,0,0
Marth,NeutralB,False,False,0,0,0,0
Marth,NeutralB,False,False,0,0,0,0
Marth,NeutralB,False,False,0,0,0,0
Marth,NeutralB,False,False,0,0,0,0
Marth,NeutralB,False,True,87,195,13,178
Marth,NeutralB,False,True,80,260,4,178
Marth,NeutralB,False,True,115,306,9,177
Marth,NeutralB,False,True,114,306,98,196
Marth,NeutralB,False,True,112,285,128,208
Marth,NeutralB,False,True,106,269,130,209
Marth,NeutralB,False,False,0,0,0,0
Marth,NeutralB,False,False,0,0,0,0
Marth,NeutralB,False,False,0,0,0,0
Marth,NeutralB,False,False,0,0,0,0
Marth,NeutralB,False,False,0,0,0,0
Marth,NeutralB,False,False,0,0,0,0
Marth,NeutralB,False,False,0,0,0,0
Marth,NeutralB,False,False,0,0,0,0
Marth,NeutralB,False,False,0,0,0,0
Marth,NeutralB,False,False,0,0,0,0
Marth,NeutralB,False,False,0,0,0,0
Marth,NeutralB,False,False,0,0,0,0
Marth,NeutralB,False,False,0,0,0,0
Marth,NeutralB,False,False,0,0,0,0
Marth,NeutralB,False,False,0,0,0,0
Marth,NeutralB,False,False,0,0,0,0
Marth,NeutralB,False,False,0,0,0,0
Marth,NeutralB,False,False,0,0,0,0
Marth,NeutralB,False,False,0,0,0,0
Marth,NeutralB,False,False,0,0,0,0
Marth,NeutralB,False,False,0,0,0,0
Marth,NeutralB,False,False,0,0,0,0
Marth,NeutralB,False,False,0,0,0,0
Marth,DownSmash,False,False,0,0,0,0
Marth,DownSmash,False,False,0,0,0,0
Marth,DownSmash,False,False,0,0,0,0
Marth,DownSmash,False,False,0,0,0,0
Marth,DownSmash,False,False,0,0,0,0
Marth,DownSmash,False,True,161,251,109,176
Marth,DownSmash,False,True,162,327,104,185
Marth,DownSmash,False,True,144,327,102,195
Marth,DownSmash,False,False,0,0,0,0
Marth,DownSmash,False,False,0,0,0,0
Marth,DownSmash,False,False,0,0,0,0
Marth,DownSmash,False,False,0,0,0,0
Marth,DownSmash,False,False,0,0,0,0
Marth,DownSmash,False,False,0,0,0,0
Marth,DownSmash,False,False,0,0,0,0
Marth,DownSmash,False,False,0,0,0,0
Marth,DownSmash,False,False,0,0,0,0
Marth,DownSmash,False,False,0,0,0,0
Marth,DownSmash,False,False,0,0,0,0
Marth,DownSmash,False,False,0,0,0,0
Marth,DownSmash,False,False,0,0,0,0
Marth,DownSmash,False,True,11,206,112,187
Marth,DownSmash,False,True,11,200,112,193
Marth,DownSmash,False,False,0,0,0,0
Marth,DownSmash,False,False,0,0,0,0
Marth,DownSmash,False,False,0,0,0,0
Marth,DownSmash,False,False,0,0,0,0
Marth,DownSmash,False,False,0,0,0,0
Marth,DownSmash,False,False,0,0,0,0
Marth,DownSmash,False,False,0,0,0,0
Marth,DownSmash,False,False,0,0,0,0
Marth,DownSmash,False,False,0,0,0,0
Marth,DownSmash,False,False,0,0,0,0
Marth,DownSmash,False,False,0,0,0,0
Marth,DownSmash,False,False,0,0,0,0
Marth,DownSmash,False,False,0,0,0,0
Marth,DownSmash,False,False,0,0,0,0
Marth,DownSmash,False,False,0,0,0,0
Marth,DownSmash,False,False,0,0,0,0
Marth,DownSmash,False,False,0,0,0,0
Marth,DownSmash,False,False,0,0,0,0
Marth,DownSmash,False,False,0,0,0,0
Marth,DownSmash,False,False,0,0,0,0
Marth,DownSmash,False,False,0,0,0,0
Marth,DownSmash,False,False,0,0,0,0
Marth,DownSmash,False,False,0,0,0,0
Marth,DownSmash,False,False,0,0,0,0
Marth,DownSmash,False,False,0,0,0,0
Marth,DownSmash,False,False,0,0,0,0
Marth,DownSmash,False,False,0,0,0,0
Marth,DownSmash,False,False,0,0,0,0
Marth,DownSmash,False,False,0,0,0,0
Marth,DownSmash,False,False,0,0,0,0
Marth,DownSmash,False,False,0,0,0,0
Marth,DownSmash,False,False,0,0,0,0
Marth,DownSmash,False,False,0,0,0,0
Marth,DownSmash,False,False,0,0,0,0
Marth,DownSmash,False,False,0,0,0,0
Marth,DownSmash,False,False,0,0,0,0
Marth,DownSmash,False,False,0,0,0,0
Marth,DownSmash,False,False,0,0,0,0
Marth,DownSmash,False,False,0,0,0,0
Marth,DownSmash,False,False,0,0,0,0
Marth,DownSmash,False,False,0,0,0,0
Marth,DownSmash,False,False,0,0,0,0
Marth,DownAir,False,False,0,0,0,0
Marth,DownAir,False,False,0,0,0,0
Marth,DownAir,False,False,0,0,0,0
Marth,DownAir,False,False,0,0,0,0
Marth,DownAir,False,False,0,0,0,0
Marth,DownAir,False,True,147,253,83,211
Marth,DownAir,False,True,108,208,64,236
Marth,DownAir,False,True,50,197,68,199
Marth,DownAir,False,True,21,193,70,156
Marth,DownAir,False,False,0,0,0,0
Marth,DownAir,False,False,0,0,0,0
Marth,DownAir,False,False,0,0,0,0
Marth,DownAir,False,False,0,0,0,0
Marth,DownAir,False,False,0,0,0,0
Marth,DownAir,False,False,0,0,0,0
Marth,DownAir,False,False,0,0,0,0
Marth,DownAir,False,False,0,0,0,0
Marth,DownAir,False,False,0,0,0,0
Marth,DownAir,False,False,0,0,0,0
Marth,DownAir,False,False,0,0,0,0
Marth,DownAir,False,False,0,0,0,0
Marth,DownAir,False,False,0,0,0,0
Marth,DownAir,False,False,0,0,0,0
Marth,DownAir,False,False,0,0,0,0
Marth,DownAir,False,False,0,0,0,0
Marth,DownAir,False,False,0,0,0,0
Marth,DownAir,False,False,0,0,0,0
Marth,DownAir,False,False,0,0,0,0
Marth,DownAir,False,False,0,0,0,0
Marth,DownAir,False,False,0,0,0,0
Marth,DownAir,False,False,0,0,0,0
Marth,DownAir,False,False,0,0,0,0
Marth,DownAir,False,False,0,0,0,0
Marth,DownAir,False,False,0,0,0,0
Marth,DownAir,False,False,0,0,0,0
Marth,DownAir,False,False,0,0,0,0
Marth,DownAir,False,False,0,0,0,0
Marth,DownAir,False,False,0,0,0,0
Marth,DownAir,False,False,0,0,0,0
Marth,DownAir,False,False,0,0,0,0
Marth,DownAir,False,False,0,0,0,0
Marth,DownAir,False,False,0,0,0,0
Marth,DownAir,False,False,0,0,0,0
Marth,DownAir,False,False,0,0,0,0
Marth,DownAir,False,False,0,0,0,0
Marth,DownAir,False,False,0,0,0,0
Marth,DownAir,False,False,0,0,0,0
Marth,DownAir,False,False,0,0,0,0
Marth,DownAir,False,False,0,0,0,0
Marth,DownAir,False,False,0,0,0,0
Marth,DownAir,False,False,0,0,0,0
Marth,DownAir,False,False,0,0,0,0
Marth,DownAir,False,False,0,0,0,0
Marth,DownAir,False,False,0,0,0,0
Marth,DownAir,False,False,0,0,0,0
Marth,DownAir,False,False,0,0,0,0
Marth,DownAir,False,False,0,0,0,0
Marth,DownAir,False,False,0,0,0,0
Marth,DownAir,False,False,0,0,0,0
Marth,UpSmash,False,False,0,0,0,0
Marth,UpSmash,False,False,0,0,0,0
Marth,UpSmash,False,False,0,0,0,0
Marth,UpSmash,False,False,0,0,0,0
Marth,UpSmash,False,False,0,0,0,0
Marth,UpSmash,False,False,0,0,0,0
Marth,UpSmash,False,False,0,0,0,0
Marth,UpSmash,False,False,0,0,0,0
Marth,UpSmash,False,False,0,0,0,0
Marth,UpSmash,False,False,0,0,0,0
Marth,UpSmash,False,False,0,0,0,0
Marth,UpSmash,False,False,0,0,0,0
Marth,UpSmash,False,True,62,228,35,228
Marth,UpSmash,False,True,62,228,64,217
Marth,UpSmash,False,True,63,228,101,212
Marth,UpSmash,False,True,63,228,85,204
Marth,UpSmash,False,False,0,0,0,0
Marth,UpSmash,False,False,0,0,0,0
Marth,UpSmash,False,False,0,0,0,0
Marth,UpSmash,False,False,0,0,0,0
Marth,UpSmash,False,False,0,0,0,0
Marth,UpSmash,False,False,0,0,0,0
Marth,UpSmash,False,False,0,0,0,0
Marth,UpSmash,False,False,0,0,0,0
Marth,UpSmash,False,False,0,0,0,0
Marth,UpSmash,False,False,0,0,0,0
Marth,UpSmash,False,False,0,0,0,0
Marth,UpSmash,False,False,0,0,0,0
Marth,UpSmash,False,False,0,0,0,0
Marth,UpSmash,False,False,0,0,0,0
Marth,UpSmash,False,False,0,0,0,0
Marth,UpSmash,False,False,0,0,0,0
Marth,UpSmash,False,False,0,0,0,0
Marth,UpSmash,False,False,0,0,0,0
Marth,UpSmash,False,False,0,0,0,0
Marth,UpSmash,False,False,0,0,0,0
Marth,UpSmash,False,False,0,0,0,0
Marth,UpSmash,False,False,0,0,0,0
Marth,UpSmash,False,False,0,0,0,0
Marth,UpSmash,False,False,0,0,0,0
Marth,UpSmash,False,False,0,0,0,0
Marth,UpSmash,False,False,0,0,0,0
Marth,UpSmash,False,False,0,0,0,0
Marth,UpSmash,False,False,0,0,0,0
Marth,UpSmash,False,False,0,0,0,0
Marth,UpSmash,False,False,0,0,0,0
Marth,UpSmash,False,False,0,0,0,0
Marth,UpSmash,False,False,0,0,0,0
Marth,UpSmash,False,False,0,0,0,0
Marth,UpSmash,False,False,0,0,0,0
Marth,UpSmash,False,False,0,0,0,0
Marth,UpSmash,False,False,0,0,0,0
Marth,UpSmash,False,False,0,0,0,0
Marth,UpSmash,False,False,0,0,0,0
Marth,NeutralAttack2,False,False,0,0,0,0
Marth,NeutralAttack2,False,False,0,0,0,0
Marth,NeutralAttack2,False,False,0,0,0,0
Marth,NeutralAttack2,False,False,0,0,0,0
Marth,NeutralAttack2,False,False,0,0,0,0
Marth,NeutralAttack2,False,True,130,276,82,199
Marth,NeutralAttack2,False,True,124,300,70,205
Marth,NeutralAttack2,False,True,120,305,22,125
Marth,NeutralAttack2,False,True,120,261,8,117
Marth,NeutralAttack2,False,True,95,200,6,119
Marth,NeutralAttack2,False,False,0,0,0,0
Marth,NeutralAttack2,False,False,0,0,0,0
Marth,NeutralAttack2,False,False,0,0,0,0
Marth,NeutralAttack2,False,False,0,0,0,0
Marth,NeutralAttack2,False,False,0,0,0,0
Marth,NeutralAttack2,False,False,0,0,0,0
Marth,NeutralAttack2,False,False,0,0,0,0
Marth,NeutralAttack2,False,False,0,0,0,0
Marth,NeutralAttack2,False,False,0,0,0,0
Marth,NeutralAttack2,False,False,0,0,0,0
Marth,NeutralAttack2,False,False,0,0,0,0
Marth,NeutralAttack2,False,False,0,0,0,0
Marth,NeutralAttack2,False,False,0,0,0,0
Marth,NeutralAttack2,False,False,0,0,0,0
Marth,NeutralAttack2,False,False,0,0,0,0
Marth,NeutralAttack2,False,False,0,0,0,0
Marth,NeutralAttack2,False,False,0,0,0,0
Marth,NeutralAttack2,False,False,0,0,0,0
Marth,NeutralAttack2,False,False,0,0,0,0
Marth,SideB2Down,False,False,0,0,0,0
Marth,SideB2Down,False,False,0,0,0,0
Marth,SideB2Down,False,False,0,0,0,0
Marth,SideB2Down,False,False,0,0,0,0
Marth,SideB2Down,False,False,0,0,0,0
Marth,SideB2Down,False,False,0,0,0,0
Marth,SideB2Down,False,False,0,0,0,0
Marth,SideB2Down,False,False,0,0,0,0
Marth,SideB2Down,False,False,0,0,0,0
Marth,SideB2Down,False,False,0,0,0,0
Marth,SideB2Down,False,False,0,0,0,0
Marth,SideB2Down,False,False,0,0,0,0
Marth,SideB2Down,False,False,0,0,0,0
Marth,SideB2Down,False,True,146,293,94,169
Marth,SideB2Down,False,True,148,307,91,173
Marth,SideB2Down,False,True,147,309,92,173
Marth,SideB2Down,False,False,0,0,0,0
Marth,SideB2Down,False,False,0,0,0,0
Marth,SideB2Down,False,False,0,0,0,0
Marth,SideB2Down,False,False,0,0,0,0
Marth,SideB2Down,False,False,0,0,0,0
Marth,SideB2Down,False,False,0,0,0,0
Marth,SideB2Down,False,False,0,0,0,0
Marth,SideB2Down,False,False,0,0,0,0
Marth,SideB2Down,False,False,0,0,0,0
Marth,SideB2Down,False,False,0,0,0,0
Marth,SideB2Down,False,False,0,0,0,0
Marth,SideB2Down,False,False,0,0,0,0
Marth,SideB2Down,False,False,0,0,0,0
Marth,SideB2Down,False,False,0,0,0,0
Marth,SideB2Down,False,False,0,0,0,0
Marth,SideB2Down,False,False,0,0,0,0
Marth,SideB2Down,False,False,0,0,0,0
Marth,SideB2Down,False,False,0,0,0,0
Marth,SideB2Down,False,False,0,0,0,0
Marth,SideB2Down,False,False,0,0,0,0
Marth,SideB2Down,False,False,0,0,0,0
Marth,SideB2Down,False,False,0,0,0,0
Marth,SideB2Down,False,False,0,0,0,0
Marth,SideB2Down,False,False,0,0,0,0
Marth,DashAttack,False,False,0,0,0,0
Marth,DashAttack,False,False,0,0,0,0
Marth,DashAttack,False,False,0,0,0,0
Marth,DashAttack,False,False,0,0,0,0
Marth,DashAttack,False,False,0,0,0,0
Marth,DashAttack,False,False,0,0,0,0
Marth,DashAttack,False,False,0,0,0,0
Marth,DashAttack,False,False,0,0,0,0
Marth,DashAttack,False,False,0,0,0,0
Marth,DashAttack,False,False,0,0,0,0
Marth,DashAttack,False,False,0,0,0,0
Marth,DashAttack,False,True,139,231,91,181
Marth,DashAttack,False,True,134,301,93,181
Marth,DashAttack,False,True,169,317,101,179
Marth,DashAttack,False,True,167,313,63,161
Marth,DashAttack,False,False,0,0,0,0
Marth,DashAttack,False,False,0,0,0,0
Marth,DashAttack,False,False,0,0,0,0
Marth,DashAttack,False,False,0,0,0,0
Marth,DashAttack,False,False,0,0,0,0
Marth,DashAttack,False,False,0,0,0,0
Marth,DashAttack,False,False,0,0,0,0
Marth,DashAttack,False,False,0,0,0,0
Marth,DashAttack,False,False,0,0,0,0
Marth,DashAttack,False,False,0,0,0,0
Marth,DashAttack,False,False,0,0,0,0
Marth,DashAttack,False,False,0,0,0,0
Marth,DashAttack,False,False,0,0,0,0
Marth,DashAttack,False,False,0,0,0,0
Marth,DashAttack,False,False,0,0,0,0
Marth,DashAttack,False,False,0,0,0,0
Marth,DashAttack,False,False,0,0,0,0
Marth,DashAttack,False,False,0,0,0,0
Marth,DashAttack,False,False,0,0,0,0
Marth,DashAttack,False,False,0,0,0,0
Marth,DashAttack,False,False,0,0,0,0
Marth,DashAttack,False,False,0,0,0,0
Marth,DashAttack,False,False,0,0,0,0
Marth,DashAttack,False,False,0,0,0,0
Marth,DashAttack,False,False,0,0,0,0
Marth,DashAttack,False,False,0,0,0,0
Marth,DashAttack,False,False,0,0,0,0
Marth,DashAttack,False,False,0,0,0,0
Marth,DashAttack,False,False,0,0,0,0
Marth,DashAttack,False,False,0,0,0,0
Marth,DashAttack,False,False,0,0,0,0
Marth,DashAttack,False,False,0,0,0,0
Marth,DashAttack,False,False,0,0,0,0
Marth,DashAttack,False,False,0,0,0,0
Marth,SideB4Up,False,False,0,0,0,0
Marth,SideB4Up,False,False,0,0,0,0
Marth,SideB4Up,False,False,0,0,0,0
Marth,SideB4Up,False,False,0,0,0,0
Marth,SideB4Up,False,True,64,170,110,163
Marth,SideB4Up,False,False,0,0,0,0
Marth,SideB4Up,False,False,0,0,0,0
Marth,SideB4Up,False,False,0,0,0,0
Marth,SideB4Up,False,False,0,0,0,0
Marth,SideB4Up,False,False,0,0,0,0
Marth,SideB4Up,False,False,0,0,0,0
Marth,SideB4Up,False,False,0,0,0,0
Marth,SideB4Up,False,False,0,0,0,0
Marth,SideB4Up,False,False,0,0,0,0
Marth,SideB4Up,False,False,0,0,0,0
Marth,SideB4Up,False,False,0,0,0,0
Marth,SideB4Up,False,False,0,0,0,0
Marth,SideB4Up,False,False,0,0,0,0
Marth,SideB4Up,False,False,0,0,0,0
Marth,SideB4Up,False,True,52,179,36,125
Marth,SideB4Up,False,True,47,198,7,129
Marth,SideB4Up,False,True,111,260,4,137
Marth,SideB4Up,False,True,124,291,18,151
Marth,SideB4Up,False,True,137,307,52,184
Marth,SideB4Up,False,True,149,304,106,187
Marth,SideB4Up,False,False,0,0,0,0
Marth,SideB4Up,False,False,0,0,0,0
Marth,SideB4Up,False,False,0,0,0,0
Marth,SideB4Up,False,False,0,0,0,0
Marth,SideB4Up,False,False,0,0,0,0
Marth,SideB4Up,False,False,0,0,0,0
Marth,SideB4Up,False,False,0,0,0,0
Marth,SideB4Up,False,False,0,0,0,0
Marth,SideB4Up,False,False,0,0,0,0
Marth,SideB4Up,False,False,0,0,0,0
Marth,SideB4Up,False,False,0,0,0,0
Marth,SideB4Up,False,False,0,0,0,0
Marth,SideB4Up,False,False,0,0,0,0
Marth,SideB4Up,False,False,0,0,0,0
Marth,SideB4Up,False,False,0,0,0,0
Marth,SideB4Up,False,False,0,0,0,0
Marth,SideB4Up,False,False,0,0,0,0
Marth,SideB4Up,False,False,0,0,0,0
Marth,SideB4Up,False,False,0,0,0,0
Marth,SideB4Up,False,False,0,0,0,0
Marth,SideB4Up,False,False,0,0,0,0
Marth,SideB4Up,False,False,0,0,0,0
Marth,SideB4Up,False,False,0,0,0,0
Marth,SideB4Up,False,False,0,0,0,0
Marth,SideB4Up,False,False,0,0,0,0
Marth,NeutralAir,False,False,0,0,0,0
Marth,NeutralAir,False,False,0,0,0,0
Marth,NeutralAir,False,False,0,0,0,0
Marth,NeutralAir,False,False,0,0,0,0
Marth,NeutralAir,False,False,0,0,0,0
Marth,NeutralAir,False,True,118,297,69,159
Marth,NeutralAir,False,True,111,289,55,159
Marth,NeutralAir,False,False,0,0,0,0
Marth,NeutralAir,False,False,0,0,0,0
Marth,NeutralAir,False,False,0,0,0,0
Marth,NeutralAir,False,False,0,0,0,0
Marth,NeutralAir,False,False,0,0,0,0
Marth,NeutralAir,False,False,0,0,0,0
Marth,NeutralAir,False,False,0,0,0,0
Marth,NeutralAir,False,True,118,280,101,193
Marth,NeutralAir,False,True,112,279,54,178
Marth,NeutralAir,False,True,19,191,28,155
Marth,NeutralAir,False,True,16,189,12,156
Marth,NeutralAir,False,True,62,225,16,159
Marth,NeutralAir,False,True,115,279,55,176
Marth,NeutralAir,False,True,112,275,53,186
Marth,NeutralAir,False,False,0,0,0,0
Marth,NeutralAir,False,False,0,0,0,0
Marth,NeutralAir,False,False,0,0,0,0
Marth,NeutralAir,False,False,0,0,0,0
Marth,NeutralAir,False,False,0,0,0,0
Marth,NeutralAir,False,False,0,0,0,0
Marth,NeutralAir,False,False,0,0,0,0
Marth,NeutralAir,False,False,0,0,0,0
Marth,NeutralAir,False,False,0,0,0,0
Marth,NeutralAir,False,False,0,0,0,0
Marth,NeutralAir,False,False,0,0,0,0
Marth,NeutralAir,False,False,0,0,0,0
Marth,NeutralAir,False,False,0,0,0,0
Marth,NeutralAir,False,False,0,0,0,0
Marth,NeutralAir,False,False,0,0,0,0
Marth,NeutralAir,False,False,0,0,0,0
Marth,NeutralAir,False,False,0,0,0,0
Marth,NeutralAir,False,False,0,0,0,0
Marth,NeutralAir,False,False,0,0,0,0
Marth,NeutralAir,False,False,0,0,0,0
Marth,NeutralAir,False,False,0,0,0,0
Marth,NeutralAir,False,False,0,0,0,0
Marth,NeutralAir,False,False,0,0,0,0
Marth,NeutralAir,False,False,0,0,0,0
Marth,NeutralAir,False,False,0,0,0,0
Marth,NeutralAir,False,False,0,0,0,0
Marth,NeutralAir,False,False,0,0,0,0
Marth,NeutralAir,False,False,0,0,0,0
Marth,UpTilt,False,False,0,0,0,0
Marth,UpTilt,False,False,0,0,0,0
Marth,UpTilt,False,False,0,0,0,0
Marth,UpTilt,False,False,0,0,0,0
Marth,UpTilt,False,False,0,0,0,0
Marth,UpTilt,False,False,0,0,0,0
Marth,UpTilt,False,True,112,271,111,184
Marth,UpTilt,False,True,112,261,48,163
Marth,UpTilt,False,True,119,223,18,156
Marth,UpTilt,False,True,100,196,20,153
Marth,UpTilt,False,True,66,187,36,164
Marth,UpTilt,False,True,37,186,68,163
Marth,UpTilt,False,True,27,185,87,178
Marth,UpTilt,False,False,0,0,0,0
Marth,UpTilt,False,False,0,0,0,0
Marth,UpTilt,False,False,0,0,0,0
Marth,UpTilt,False,False,0,0,0,0
Marth,UpTilt,False,False,0,0,0,0
Marth,UpTilt,False,False,0,0,0,0
Marth,UpTilt,False,False,0,0,0,0
Marth,UpTilt,False,False,0,0,0,0
Marth,UpTilt,False,False,0,0,0,0
Marth,UpTilt,False,False,0,0,0,0
Marth,UpTilt,False,False,0,0,0,0
Marth,UpTilt,False,False,0,0,0,0
Marth,UpTilt,False,False,0,0,0,0
Marth,UpTilt,False,False,0,0,0,0
Marth,UpTilt,False,False,0,0,0,0
Marth,UpTilt,False,False,0,0,0,0
Marth,UpTilt,False,False,0,0,0,0
Marth,UpTilt,False,False,0,0,0,0
Marth,UpTilt,False,False,0,0,0,0
Marth,UpTilt,False,False,0,0,0,0
Marth,UpTilt,False,False,0,0,0,0
Marth,UpTilt,False,False,0,0,0,0
Marth,UpTilt,False,False,0,0,0,0
Marth,UpTilt,False,False,0,0,0,0
Marth,UpTilt,False,False,0,0,0,0
Marth,UpTilt,False,False,0,0,0,0
Marth,UpTilt,False,False,0,0,0,0
Marth,SideB3Down,False,False,0,0,0,0
Marth,SideB3Down,False,False,0,0,0,0
Marth,SideB3Down,False,False,0,0,0,0
Marth,SideB3Down,False,False,0,0,0,0
Marth,SideB3Down,False,False,0,0,0,0
Marth,SideB3Down,False,False,0,0,0,0
Marth,SideB3Down,False,False,0,0,0,0
Marth,SideB3Down,False,False,0,0,0,0
Marth,SideB3Down,False,False,0,0,0,0
Marth,SideB3Down,False,False,0,0,0,0
Marth,SideB3Down,False,False,0,0,0,0
Marth,SideB3Down,False,False,0,0,0,0
Marth,SideB3Down,False,False,0,0,0,0
Marth,SideB3Down,False,False,0,0,0,0
Marth,SideB3Down,False,True,131,229,78,144
Marth,SideB3Down,False,True,124,271,77,197
Marth,SideB3Down,False,True,120,269,87,197
Marth,SideB3Down,False,True,133,274,87,197
Marth,SideB3Down,False,False,0,0,0,0
Marth,SideB3Down,False,False,0,0,0,0
Marth,SideB3Down,False,False,0,0,0,0
Marth,SideB3Down,False,False,0,0,0,0
Marth,SideB3Down,False,False,0,0,0,0
Marth,SideB3Down,False,False,0,0,0,0
Marth,SideB3Down,False,False,0,0,0,0
Marth,SideB3Down,False,False,0,0,0,0
Marth,SideB3Down,False,False,0,0,0,0
Marth,SideB3Down,False,False,0,0,0,0
Marth,SideB3Down,False,False,0,0,0,0
Marth,SideB3Down,False,False,0,0,0,0
Marth,SideB3Down,False,False,0,0,0,0
Marth,SideB3Down,False,False,0,0,0,0
Marth,SideB3Down,False,False,0,0,0,0
Marth,SideB3Down,False,False,0,0,0,0
Marth,SideB3Down,False,False,0,0,0,0
Marth,SideB3Down,False,False,0,0,0,0
Marth,SideB3Down,False,False,0,0,0,0
Marth,SideB3Down,False,False,0,0,0,0
Marth,SideB3Down,False,False,0,0,0,0
Marth,SideB3Down,False,False,0,0,0,0
Marth,SideB3Down,False,False,0,0,0,0
Marth,SideB3Down,False,False,0,0,0,0
Marth,SideB3Down,False,False,0,0,0,0
Marth,SideB3Down,False,False,0,0,0,0
Marth,SideB3Down,False,False,0,0,0,0
Marth,SideB3Down,False,False,0,0,0,0
Marth,SideB3Up,False,False,0,0,0,0
Marth,SideB3Up,False,False,0,0,0,0
Marth,SideB3Up,False,False,0,0,0,0
Marth,SideB3Up,False,False,0,0,0,0
Marth,SideB3Up,False,False,0,0,0,0
Marth,SideB3Up,False,False,0,0,0,0
Marth,SideB3Up,False,False,0,0,0,0
Marth,SideB3Up,False,False,0,0,0,0
Marth,SideB3Up,False,False,0,0,0,0
Marth,SideB3Up,False,False,0,0,0,0
Marth,SideB3Up,False,False,0,0,0,0
Marth,SideB3Up,False,False,0,0,0,0
Marth,SideB3Up,False,True,120,211,11,119
Marth,SideB3Up,False,True,112,251,8,128
Marth,SideB3Up,False,True,154,291,7,137
Marth,SideB3Up,False,True,148,285,54,191
Marth,SideB3Up,False,True,94,255,97,199
Marth,SideB3Up,False,False,0,0,0,0
Marth,SideB3Up,False,False,0,0,0,0
Marth,SideB3Up,False,False,0,0,0,0
Marth,SideB3Up,False,False,0,0,0,0
Marth,SideB3Up,False,False,0,0,0,0
Marth,SideB3Up,False,False,0,0,0,0
Marth,SideB3Up,False,False,0,0,0,0
Marth,SideB3Up,False,False,0,0,0,0
Marth,SideB3Up,False,False,0,0,0,0
Marth,SideB3Up,False,False,0,0,0,0
Marth,SideB3Up,False,False,0,0,0,0
Marth,SideB3Up,False,False,0,0,0,0
Marth,SideB3Up,False,False,0,0,0,0
Marth,SideB3Up,False,False,0,0,0,0
Marth,SideB3Up,False,False,0,0,0,0
Marth,SideB3Up,False,False,0,0,0,0
Marth,SideB3Up,False,False,0,0,0,0
Marth,SideB3Up,False,False,0,0,0,0
Marth,SideB3Up,False,False,0,0,0,0
Marth,SideB3Up,False,False,0,0,0,0
Marth,SideB3Up,False,False,0,0,0,0
Marth,SideB3Up,False,False,0,0,0,0
Marth,SideB3Up,False,False,0,0,0,0
Marth,SideB3Up,False,False,0,0,0,0
Marth,SideB3Up,False,False,0,0,0,0
Marth,SideB3Up,False,False,0,0,0,0
Marth,SideB3Up,False,False,0,0,0,0
Marth,SideB3Up,False,False,0,0,0,0
Marth,SideB3Up,False,False,0,0,0,0
Marth,ForwardTilt,False,False,0,0,0,0
Marth,ForwardTilt,False,False,0,0,0,0
Marth,ForwardTilt,False,False,0,0,0,0
Marth,ForwardTilt,False,False,0,0,0,0
Marth,ForwardTilt,False,False,0,0,0,0
Marth,ForwardTilt,False,False,0,0,0,0
Marth,ForwardTilt,False,True,122,213,95,215
Marth,ForwardTilt,False,True,107,276,93,213
Marth,ForwardTilt,False,True,118,312,82,199
Marth,ForwardTilt,False,True,128,310,20,155
Marth,ForwardTilt,False,False,0,0,0,0
Marth,ForwardTilt,False,False,0,0,0,0
Marth,ForwardTilt,False,False,0,0,0,0
Marth,ForwardTilt,False,False,0,0,0,0
Marth,ForwardTilt,False,False,0,0,0,0
Marth,ForwardTilt,False,False,0,0,0,0
Marth,ForwardTilt,False,False,0,0,0,0
Marth,ForwardTilt,False,False,0,0,0,0
Marth,ForwardTilt,False,False,0,0,0,0
Marth,ForwardTilt,False,False,0,0,0,0
Marth,ForwardTilt,False,False,0,0,0,0
Marth,ForwardTilt,False,False,0,0,0,0
Marth,ForwardTilt,False,False,0,0,0,0
Marth,ForwardTilt,False,False,0,0,0,0
Marth,ForwardTilt,False,False,0,0,0,0
Marth,ForwardTilt,False,False,0,0,0,0
Marth,ForwardTilt,False,False,0,0,0,0
Marth,ForwardTilt,False,False,0,0,0,0
Marth,ForwardTilt,False,False,0,0,0,0
Marth,ForwardTilt,False,False,0,0,0,0
Marth,ForwardTilt,False,False,0,0,0,0
Marth,ForwardTilt,False,False,0,0,0,0
Marth,ForwardTilt,False,False,0,0,0,0
Marth,ForwardTilt,False,False,0,0,0,0
Marth,ForwardTilt,False,False,0,0,0,0
Marth,UpB,False,False,0,0,0,0
Marth,UpB,False,False,0,0,0,0
Marth,UpB,False,False,0,0,0,0
Marth,UpB,False,False,0,0,0,0
Marth,UpB,False,True,143,281,159,215
Marth,UpB,False,True,141,306,116,286
Marth,UpB,False,True,139,272,55,314
Marth,UpB,False,True,139,254,44,263
Marth,UpB,False,True,150,239,38,214
Marth,UpB,False,True,147,247,35,212
Marth,UpB,False,False,0,0,0,0
Marth,UpB,False,False,0,0,0,0
Marth,UpB,False,False,0,0,0,0
Marth,UpB,False,False,0,0,0,0
Marth,UpB,False,False,0,0,0,0
Marth,UpB,False,False,0,0,0,0
Marth,UpB,False,False,0,0,0,0
Marth,UpB,False,False,0,0,0,0
Marth,UpB,False,False,0,0,0,0
Marth,UpB,False,False,0,0,0,0
Marth,UpB,False,False,0,0,0,0
Marth,UpB,False,False,0,0,0,0
Marth,UpB,False,False,0,0,0,0
Marth,UpB,False,False,0,0,0,0
Marth,UpB,False,False,0,0,0,0
Marth,UpB,False,False,0,0,0,0
Marth,UpB,False,False,0,0,0,0
Marth,UpB,False,False,0,0,0,0
Marth,UpB,False,False,0,0,0,0
Marth,UpB,False,False,0,0,0,0
Marth,UpB,False,False,0,0,0,0
Marth,UpB,False,False,0,0,0,0
Marth,UpB,False,False,0,0,0,0
Marth,UpB,False,False,0,0,0,0
Marth,UpB,False,False,0,0,0,0
Marth,UpB,False,False,0,0,0,0
Marth,UpB,False,False,0,0,0,0
Marth,UpB,False,False,0,0,0,0
Marth,UpB,False,False,0,0,0,0
Marth,SideB3Neutral,False,False,0,0,0,0
Marth,SideB3Neutral,False,False,0,0,0,0
Marth,SideB3Neutral,False,False,0,0,0,0
Marth,SideB3Neutral,False,False,0,0,0,0
Marth,SideB3Neutral,False,False,0,0,0,0
Marth,SideB3Neutral,False,False,0,0,0,0
Marth,SideB3Neutral,False,False,0,0,0,0
Marth,SideB3Neutral,False,False,0,0,0,0
Marth,SideB3Neutral,False,False,0,0,0,0
Marth,SideB3Neutral,False,False,0,0,0,0
Marth,SideB3Neutral,False,True,168,268,95,151
Marth,SideB3Neutral,False,True,166,312,90,155
Marth,SideB3Neutral,False,True,175,317,68,145
Marth,SideB3Neutral,False,True,168,313,47,132
Marth,SideB3Neutral,False,False,0,0,0,0
Marth,SideB3Neutral,False,False,0,0,0,0
Marth,SideB3Neutral,False,False,0,0,0,0
Marth,SideB3Neutral,False,False,0,0,0,0
Marth,SideB3Neutral,False,False,0,0,0,0
Marth,SideB3Neutral,False,False,0,0,0,0
Marth,SideB3Neutral,False,False,0,0,0,0
Marth,SideB3Neutral,False,False,0,0,0,0
Marth,SideB3Neutral,False,False,0,0,0,0
Marth,SideB3Neutral,False,False,0,0,0,0
Marth,SideB3Neutral,False,False,0,0,0,0
Marth,SideB3Neutral,False,False,0,0,0,0
Marth,SideB3Neutral,False,False,0,0,0,0
Marth,SideB3Neutral,False,False,0,0,0,0
Marth,SideB3Neutral,False,False,0,0,0,0
Marth,SideB3Neutral,False,False,0,0,0,0
Marth,SideB3Neutral,False,False,0,0,0,0
Marth,SideB3Neutral,False,False,0,0,0,0
Marth,SideB3Neutral,False,False,0,0,0,0
Marth,SideB3Neutral,False,False,0,0,0,0
Marth,SideB3Neutral,False,False,0,0,0,0
Marth,SideB3Neutral,False,False,0,0,0,0
Marth,SideB3Neutral,False,False,0,0,0,0
Marth,SideB3Neutral,False,False,0,0,0,0
Marth,SideB3Neutral,False,False,0,0,0,0
Marth,SideB3Neutral,False,False,0,0,0,0
Marth,SideB3Neutral,False,False,0,0,0,0
Marth,SideB3Neutral,False,False,0,0,0,0
Marth,SideB3Neutral,False,False,0,0,0,0
Marth,SideB3Neutral,False,False,0,0,0,0
Marth,SideB3Neutral,False,False,0,0,0,0
Marth,SideB3Neutral,False,False,0,0,0,0
Marth,UpAir,False,False,0,0,0,0
Marth,UpAir,False,False,0,0,0,0
Marth,UpAir,False,False,0,0,0,0
Marth,UpAir,False,False,0,0,0,0
Marth,UpAir,False,True,132,284,80,157
Marth,UpAir,False,True,128,281,34,161
Marth,UpAir,False,True,107,240,8,159
Marth,UpAir,False,True,37,182,0,148
Marth,UpAir,False,False,0,0,0,0
Marth,UpAir,False,False,0,0,0,0
Marth,UpAir,False,False,0,0,0,0
Marth,UpAir,False,False,0,0,0,0
Marth,UpAir,False,False,0,0,0,0
Marth,UpAir,False,False,0,0,0,0
Marth,UpAir,False,False,0,0,0,0
Marth,UpAir,False,False,0,0,0,0
Marth,UpAir,False,False,0,0,0,0
Marth,UpAir,False,False,0,0,0,0
Marth,UpAir,False,False,0,0,0,0
Marth,UpAir,False,False,0,0,0,0
Marth,UpAir,False,False,0,0,0,0
Marth,UpAir,False,False,0,0,0,0
Marth,UpAir,False,False,0,0,0,0
Marth,UpAir,False,False,0,0,0,0
Marth,UpAir,False,False,0,0,0,0
Marth,UpAir,False,False,0,0,0,0
Marth,UpAir,False,False,0,0,0,0
Marth,UpAir,False,False,0,0,0,0
Marth,UpAir,False,False,0,0,0,0
Marth,UpAir,False,False,0,0,0,0
Marth,UpAir,False,False,0,0,0,0
Marth,UpAir,False,False,0,0,0,0
Marth,UpAir,False,False,0,0,0,0
Marth,UpAir,False,False,0,0,0,0
Marth,UpAir,False,False,0,0,0,0
Marth,UpAir,False,False,0,0,0,0
Marth,UpAir,False,False,0,0,0,0
Marth,UpAir,False,False,0,0,0,0
Marth,UpAir,False,False,0,0,0,0
Marth,UpAir,False,False,0,0,0,0
Marth,UpAir,False,False,0,0,0,0
Marth,UpAir,False,False,0,0,0,0
Marth,UpAir,False,False,0,0,0,0
Marth,UpAir,False,False,0,0,0,0
Marth,UpAir,False,False,0,0,0,0
Marth,SideB2Up,False,False,0,0,0,0
Marth,SideB2Up,False,False,0,0,0,0
Marth,SideB2Up,False,False,0,0,0,0
Marth,SideB2Up,False,False,0,0,0,0
Marth,SideB2Up,False,False,0,0,0,0
Marth,SideB2Up,False,False,0,0,0,0
Marth,SideB2Up,False,False,0,0,0,0
Marth,SideB2Up,False,False,0,0,0,0
Marth,SideB2Up,False,False,0,0,0,0
Marth,SideB2Up,False,False,0,0,0,0
Marth,SideB2Up,False,False,0,0,0,0
Marth,SideB2Up,False,True,109,255,124,211
Marth,SideB2Up,False,True,105,288,95,215
Marth,SideB2Up,False,True,104,288,43,156
Marth,SideB2Up,False,True,105,263,7,143
Marth,SideB2Up,False,False,0,0,0,0
Marth,SideB2Up,False,False,0,0,0,0
Marth,SideB2Up,False,False,0,0,0,0
Marth,SideB2Up,False,False,0,0,0,0
Marth,SideB2Up,False,False,0,0,0,0
Marth,SideB2Up,False,False,0,0,0,0
Marth,SideB2Up,False,False,0,0,0,0
Marth,SideB2Up,False,False,0,0,0,0
Marth,SideB2Up,False,False,0,0,0,0
Marth,SideB2Up,False,False,0,0,0,0
Marth,SideB2Up,False,False,0,0,0,0
Marth,SideB2Up,False,False,0,0,0,0
Marth,SideB2Up,False,False,0,0,0,0
Marth,SideB2Up,False,False,0,0,0,0
Marth,SideB2Up,False,False,0,0,0,0
Marth,SideB2Up,False,False,0,0,0,0
Marth,SideB2Up,False,False,0,0,0,0
Marth,SideB2Up,False,False,0,0,0,0
Marth,SideB2Up,False,False,0,0,0,0
Marth,SideB2Up,False,False,0,0,0,0
Marth,SideB2Up,False,False,0,0,0,0
Marth,SideB2Up,False,False,0,0,0,0
Marth,SideB2Up,False,False,0,0,0,0
Marth,SideB2Up,False,False,0,0,0,0
Marth,SideB2Up,False,False,0,0,0,0
Marth,NeutralAttack1,False,False,0,0,0,0
Marth,NeutralAttack1,False,False,0,0,0,0
Marth,NeutralAttack1,False,False,0,0,0,0
Marth,NeutralAttack1,False,True,123,257,82,191
Marth,NeutralAttack1,False,True,118,302,79,192
Marth,NeutralAttack1,False,True,129,304,48,141
Marth,NeutralAttack1,False,True,127,299,26,117
Marth,NeutralAttack1,False,False,0,0,0,0
Marth,NeutralAttack1,False,False,0,0,0,0
Marth,NeutralAttack1,False,False,0,0,0,0
Marth,NeutralAttack1,False,False,0,0,0,0
Marth,NeutralAttack1,False,False,0,0,0,0
Marth,NeutralAttack1,False,False,0,0,0,0
Marth,NeutralAttack1,False,False,0,0,0,0
Marth,NeutralAttack1,False,False,0,0,0,0
Marth,NeutralAttack1,False,False,0,0,0,0
Marth,NeutralAttack1,False,False,0,0,0,0
Marth,NeutralAttack1,False,False,0,0,0,0
Marth,NeutralAttack1,False,False,0,0,0,0
Marth,NeutralAttack1,False,False,0,0,0,0
Marth,NeutralAttack1,False,False,0,0,0,0
Marth,NeutralAttack1,False,False,0,0,0,0
Marth,NeutralAttack1,False,False,0,0,0,0
Marth,NeutralAttack1,False,False,0,0,0,0
Marth,NeutralAttack1,False,False,0,0,0,0
Marth,NeutralAttack1,False,False,0,0,0,0
Marth,NeutralAttack1,False,False,0,0,0,0
Marth,ForwardSmash,False,False,0,0,0,0
Marth,ForwardSmash,False,False,0,0,0,0
Marth,ForwardSmash,False,False,0,0,0,0
Marth,ForwardSmash,False,False,0,0,0,0
Marth,ForwardSmash,False,False,0,0,0,0
Marth,ForwardSmash,False,False,0,0,0,0
Marth,ForwardSmash,False,False,0,0,0,0
Marth,ForwardSmash,False,False,0,0,0,0
Marth,ForwardSmash,False,False,0,0,0,0
Marth,ForwardSmash,False,True,115,214,15,172
Marth,ForwardSmash,False,True,104,307,4,182
Marth,ForwardSmash,False,True,102,297,64,221
Marth,ForwardSmash,False,True,112,269,140,219
Marth,ForwardSmash,False,False,0,0,0,0
Marth,ForwardSmash,False,False,0,0,0,0
Marth,ForwardSmash,False,False,0,0,0,0
Marth,ForwardSmash,False,False,0,0,0,0
Marth,ForwardSmash,False,False,0,0,0,0
Marth,ForwardSmash,False,False,0,0,0,0
Marth,ForwardSmash,False,False,0,0,0,0
Marth,ForwardSmash,False,False,0,0,0,0
Marth,ForwardSmash,False,False,0,0,0,0
Marth,ForwardSmash,False,False,0,0,0,0
Marth,ForwardSmash,False,False,0,0,0,0
Marth,ForwardSmash,False,False,0,0,0,0
Marth,ForwardSmash,False,False,0,0,0,0
Marth,ForwardSmash,False,False,0,0,0,0
Marth,ForwardSmash,False,False,0,0,0,0
Marth,ForwardSmash,False,False,0,0,0,0
Marth,ForwardSmash,False,False,0,0,0,0
Marth,ForwardSmash,False,False,0,0,0,0
Marth,ForwardSmash,False,False,0,0,0,0
Marth,ForwardSmash,False,False,0,0,0,0
Marth,ForwardSmash,False,False,0,0,0,0
Marth,ForwardSmash,False,False,0,0,0,0
Marth,ForwardSmash,False,False,0,0,0,0
Marth,ForwardSmash,False,False,0,0,0,0
Marth,ForwardSmash,False,False,0,0,0,0
Marth,ForwardSmash,False,False,0,0,0,0
Marth,ForwardSmash,False,False,0,0,0,0
Marth,ForwardSmash,False,False,0,0,0,0
Marth,ForwardSmash,False,False,0,0,0,0
Marth,ForwardSmash,False,False,0,0,0,0
Marth,ForwardSmash,False,False,0,0,0,0
Marth,ForwardSmash,False,False,0,0,0,0
Marth,ForwardSmash,False,False,0,0,0,0
Marth,ForwardSmash,False,False,0,0,0,0
Marth,ForwardSmash,False,False,0,0,0,0
Marth,ForwardSmash,False,False,0,0,0,0
